num_of_li,poly_anion,chalcogen,anion_1,anion_2,x_in_a,chal_in_a,x_in_c,chal_in_c,energy(ev),erel(mev/atom),cage_size_x_in_a,cage_size_chal_in_a,cage_size_x_in_c,cage_size_chal_in_c,std_cage_size,avg_cage_size,volume,conductivity,conductivity_min,conductivity_max
24,P,Te,Te,Br,1,0,0,1,-170.094,70.36462692,2.857481464,2.857481464,2.805443624,2.805443624,0.047044572,2.831462544,1626.21175,72.535476,45.313786,116.110256
24,P,Te,Te,Br,0.75,0.25,0.25,0.75,-173.753,0,2.856987577,2.984879298,2.630548765,2.842124901,0.138414421,2.828635135,1588.348094,166.023829,92.497329,297.996838
24,P,Te,Te,Br,0.5,0.5,0.5,0.5,-173.03,13.91156731,2.827102274,2.905769844,2.778769084,2.862027431,0.091540253,2.843417158,1614.307261,518.590725,307.632354,874.213445
24,P,Te,Te,Br,0.5,0.5,0.5,0.5,-173.536,4.163184615,2.807420028,2.998072722,2.800982575,2.803688502,0.101038634,2.852540957,1522.146167,55.298032,28.131268,108.700125
24,P,Te,Te,Br,0.25,0.75,0.75,0.25,-172.911,16.19698269,2.667878652,2.842302293,2.746877904,2.936124545,0.109450388,2.798295848,1502.85069,72.311064,26.880566,194.523058
24,P,Te,Te,Br,0,1,1,0,-166.248,144.3266788,2.855320438,2.855320438,2.788203258,2.788203258,0.044178352,2.821761848,1534.903749,107.726495,57.043587,203.440885
24,Sb,Te,Te,Br,1,0,0,1,-166.079,84.18628269,2.889025699,2.889025699,2.871657708,2.871657708,0.043643638,2.880341703,1764.688052,66.509323,21.361501,207.077673
24,Sb,Te,Te,Br,0.75,0.25,0.25,0.75,-170.457,0,2.816468565,3.071667242,2.754862471,2.829070303,0.132422074,2.868017145,1795.992477,22.770009,5.741119,90.308764
24,Sb,Te,Te,Br,0.5,0.5,0.5,0.5,-167.811,50.87459615,2.737477513,2.96474311,2.727648224,2.847931114,0.099489392,2.81944999,1835.284808,18.37934,9.557974,35.342231
24,Sb,Te,Te,Br,0.5,0.5,0.5,0.5,-166.42,77.63418654,2.678322965,2.956476369,2.732293582,2.926787732,0.122692113,2.823470162,1764.309359,44.504845,29.781598,66.50688
24,Sb,Te,Te,Br,0.25,0.75,0.75,0.25,-169.2,24.15929423,2.971184505,2.881199256,2.782555922,2.849685411,0.09226121,2.871156274,1704.735266,96.80841,63.407319,147.804202
24,Sb,Te,Te,Br,0,1,1,0,-161.413,173.9118288,2.926189639,2.926189639,2.733241291,2.733241291,0.096474174,2.829715465,1692.871204,93.015035,66.990464,129.149677
24,Sb,Se,Se,Cl,1,0,0,1,-186.974,41.68601731,2.876744695,2.876744695,2.625354714,2.625354714,0.12569499,2.751049705,1393.092634,37.40758,15.261291,91.691263
24,Sb,Se,Se,Cl,0.75,0.25,0.25,0.75,-188.796,6.652113462,2.756154041,2.973835193,2.906225954,2.626108617,0.112811861,2.815580951,1436.659415,0.570804,0.390879,0.833548
24,Sb,Se,Se,Cl,0.5,0.5,0.5,0.5,-186.301,54.63485769,2.729217996,2.778801223,2.552181278,2.628870485,0.094992029,2.672267745,1401.356309,4.239295,2.1963,8.18268
24,Sb,Se,Se,Cl,0.5,0.5,0.5,0.5,-188.224,17.64868462,2.661368401,2.777998349,2.620116042,2.673544277,0.073276552,2.683256768,1374.031063,27.02173,12.898766,56.608046
24,Sb,Se,Se,Cl,0.25,0.75,0.75,0.25,-189.142,0,2.72231346,2.668889287,2.748233178,2.681979335,0.044652227,2.705353815,1352.681414,18.554526,5.558702,61.933606
24,Sb,Se,Se,Cl,0,1,1,0,-180.641,163.4761096,2.589426757,2.589426757,2.673001206,2.673001206,0.057135894,2.631213982,1355.386032,105.57185,66.091933,168.635035
24,P,Se,Se,Cl,1,0,0,1,-193.202,43.72949808,2.89357929,2.89357929,2.56798831,2.56798831,0.16279549,2.7307838,1282.422212,0.803,0.514884,1.252339
24,P,Se,Se,Cl,0.75,0.25,0.25,0.75,-195.476,0,2.744240522,2.823427868,2.478470451,2.62605525,0.153035803,2.668048523,1236.656364,105.776408,74.535628,150.111414
24,P,Se,Se,Cl,0.5,0.5,0.5,0.5,-195.198,5.357986538,2.575321365,2.713477449,2.622632503,2.72032125,0.070924266,2.657938142,1262.776426,227.14043,169.263776,304.806948
24,P,Se,Se,Cl,0.5,0.5,0.5,0.5,-195.032,8.544705769,2.65461459,2.666600362,2.610007262,2.654884019,0.081148682,2.646526558,1175.755694,51.564275,38.967683,68.232807
24,P,Se,Se,Cl,0.25,0.75,0.75,0.25,-195.227,4.782453846,2.619974496,2.646212078,2.70863283,2.651902198,0.088749659,2.6566804,1204.459348,48.722685,34.440997,68.926576
24,P,Se,Se,Cl,0,1,1,0,-186.746,167.8849635,2.579753592,2.579753592,2.761363196,2.761363196,0.090804802,2.670558394,1233.573913,1.249801,0.631086,2.475104
24,P,Se,Se,Br,1,0,0,1,-192.07,21.26469615,2.962002503,2.962002503,2.590267627,2.590267627,0.185867438,2.776135065,1281.178615,0.115841,0.047833,0.280543
24,P,Se,Se,Br,0.75,0.25,0.25,0.75,-193.12,1.064157692,2.85252663,2.820728087,2.616011279,2.616469789,0.111521075,2.726433946,1263.932179,14.526055,9.701871,21.749031
24,P,Se,Se,Br,0.5,0.5,0.5,0.5,-192.707,9.017715385,2.862369649,2.617096058,2.8122596,2.629285591,0.111426414,2.730252724,1287.7944,55.938126,37.923745,82.509624
24,P,Se,Se,Br,0.5,0.5,0.5,0.5,-193.175,0,2.689953317,2.64502454,2.792108368,2.606428858,0.077628757,2.683378771,1212.268521,27.172109,20.733426,35.610299
24,P,Se,Se,Br,0.25,0.75,0.75,0.25,-192.744,8.291619231,2.53205965,2.589255143,2.800031923,2.63126774,0.113587242,2.638153614,1217.175318,70.881299,51.634652,97.302069
24,P,Se,Se,Br,0,1,1,0,-183.746,181.3399827,2.567370559,2.567370559,2.858789465,2.858789465,0.145709453,2.713080012,1281.627747,1.925643,1.687264,2.197702
24,P,Te,Te,Cl,1,0,0,1,-171.183,104.4539096,2.638737022,2.638737022,2.805166548,2.805166548,0.083214763,2.721951785,1652.284267,17.965817,6.824721,47.294326
24,P,Te,Te,Cl,0.75,0.25,0.25,0.75,-176.614,0,2.579967564,2.967854098,2.566336305,2.796864668,0.17243601,2.727755659,1622.274488,140.867979,29.344136,676.243712
24,P,Te,Te,Cl,0.5,0.5,0.5,0.5,-172.228,84.36010385,2.71881413,2.892205637,2.609527769,2.784170285,0.113223734,2.751179455,1589.364353,125.315891,30.657572,512.241246
24,P,Te,Te,Cl,0.5,0.5,0.5,0.5,-174.628,38.19485962,2.54249694,3.120807908,2.586480262,2.828767241,0.233742926,2.769638088,1526.707805,43.642198,14.580263,130.631488
24,P,Te,Te,Cl,0.25,0.75,0.75,0.25,-175.949,12.79025769,2.533566859,2.927229113,2.634482718,2.86896375,0.177640548,2.74106061,1485.67575,61.465174,41.57272,90.876123
24,P,Te,Te,Cl,0,1,1,0,-169.071,145.0683115,2.916150496,2.916150496,2.650203984,2.650203984,0.132973256,2.78317724,1502.685204,228.411743,106.842447,488.30709
24,P,S,S,Cl,1,0,0,1,-213.773172,22.78,2.910578024,2.910578024,2.405665621,2.405665621,0.252456201,2.658121822,1086.215442,0.02,0.004,0.07
24,P,S,S,Cl,0.75,0.25,0.25,0.75,-214.768332,3.643,2.821546953,2.584880832,2.578470148,2.464845513,0.131716064,2.612435861,1072.895786,44.768155,34.840162,57.525213
24,P,S,S,Cl,0.5,0.5,0.5,0.5,-214.957757,0,2.749837708,2.622837315,2.584549436,2.553644657,0.088373101,2.627717279,1090.162018,114.672705,92.394811,142.322163
24,P,S,S,Cl,0.5,0.5,0.5,0.5,-214.371837,11.268,2.694483703,2.536889734,2.69879285,2.529802928,0.08542723,2.614992304,1037.989058,182.656629,128.224834,260.194869
24,P,S,S,Cl,0.25,0.75,0.75,0.25,-214.298635,12.675,2.518245264,2.515466918,2.700231354,2.553664554,0.084046854,2.571902022,1028.918159,59.694548,43.992005,81.001971
24,P,S,S,Cl,0,1,1,0,-204.2524,205.872,2.457197661,2.457197661,2.753351562,2.753351562,0.148076951,2.605274612,1061.757426,0.574705,0.319015,1.035331
28,P,Se,Se,Se,0,1,0,1,,,2.707348673,2.707348673,2.701080769,2.701080769,0.003133952,2.704214721,1317.165782,9.057391,4.844208,16.934931
28,P,S,S,S,0,1,0,1,,,2.62604846,2.62604846,2.611814812,2.611814812,0.007116824,2.618931636,1197.752351,168.635621,147.868387,192.319489
28,Sb,S,S,S,0,1,0,1,,,2.643483857,2.643483857,2.686191585,2.686191585,0.021353864,2.664837721,1234.339735,360.759952,150.883234,862.572592
28,Sb,Se,Se,Se,0,1,0,1,,,2.727456963,2.727456963,2.787890546,2.787890546,0.030216791,2.757673755,1382.147418,31.883823,21.165928,48.028992
28,Si,Se,Se,Cl,1,0,0,1,-217.0284569,0,2.753006142,2.753006142,2.617714452,2.617714452,0.067645845,2.685360297,1211.409391,75.645298,58.445939,97.90605
28,Si,Se,Se,Cl,0.75,0.25,0.25,0.75,-216.8541407,3.352235385,2.724863748,2.725796081,2.570809796,2.658441676,0.063434066,2.669977825,1220.739546,121.941836,96.557339,153.999803
28,Si,Se,Se,Cl,0.5,0.5,0.5,0.5,-216.8448625,3.530662308,2.593540558,2.723154257,2.66236238,2.600632445,0.052502548,2.64492241,1219.743939,235.591067,194.647651,285.146778
28,Si,Se,Se,Cl,0.5,0.5,0.5,0.5,-216.6261006,7.737621923,2.606981721,2.706715213,2.692575914,2.685118317,0.038810779,2.672847791,1216.132169,173.534014,118.572464,253.971733
28,Si,Se,Se,Cl,0.25,0.75,0.75,0.25,-216.667795,6.935806731,2.54412882,2.66563897,2.608158132,2.615378538,0.043173548,2.608326115,1196.08563,64.306566,50.394864,82.058649
28,Si,Se,Se,Cl,0,1,1,0,-216.2577002,14.82224365,2.61746679,2.61746679,2.571013715,2.571013715,0.023226538,2.594240252,1192.199508,13.342363,7.526696,3.651634
28,Ge,Se,Se,Cl,1,0,0,1,-210.8010155,0,2.738720573,2.738720573,2.668554628,2.668554628,0.035082973,2.703637601,1266.375246,34.089904,29.0524,40.000879
28,Ge,Se,Se,Cl,0.75,0.25,0.25,0.75,-210.5094735,5.606576923,2.650775047,2.792773057,2.531010589,2.646601008,0.09279392,2.655289925,1251.365804,43.872883,22.345527,86.13938
28,Ge,Se,Se,Cl,0.5,0.5,0.5,0.5,-210.3140054,9.365579231,2.659318017,2.720567678,2.651122357,2.609428618,0.039702451,2.660109167,1260.551055,35.983831,23.688459,54.661052
28,Ge,Se,Se,Cl,0.5,0.5,0.5,0.5,-210.2090884,11.38321308,2.720118228,2.775281138,2.599875762,2.795035555,0.075976325,2.722577671,1250.733623,86.150712,48.64712,152.567
28,Ge,Se,Se,Cl,0.25,0.75,0.75,0.25,-210.2942213,9.746041154,2.594052215,2.623406333,2.713467971,2.775838877,0.072199847,2.676691349,1221.895316,9.728205,6.162664,15.356667
28,Ge,Se,Se,Cl,0,1,1,0,-209.5902339,23.28426115,2.624972199,2.624972199,2.584233794,2.584233794,0.020369202,2.604602996,1223.758959,3.343415,2.321536,4.815099
28,Ge,Te,Te,I,1,0,0,1,-185.8427536,0,2.998168056,2.998168056,2.859770628,2.859770628,0.069198714,2.928969342,1578.85298,55.81403,42.153205,73.901994
28,Ge,Te,Te,I,0.75,0.25,0.25,0.75,-185.3540413,9.398314808,3.008535236,3.044786479,3.033634111,2.894094351,0.059866862,2.995262544,1600.094563,202.751329,136.83231,300.426862
28,Ge,Te,Te,I,0.5,0.5,0.5,0.5,-185.2372397,11.64449904,2.962460546,2.867544906,2.906450883,2.857729799,0.041153938,2.898546533,1576.608598,183.002029,108.967912,307.335821
28,Ge,Te,Te,I,0.5,0.5,0.5,0.5,-185.1662951,13.00881885,2.964965216,2.842027201,2.894310328,2.865754518,0.046138769,2.891764316,1557.66648,140.300387,120.135687,163.849719
28,Ge,Te,Te,I,0.25,0.75,0.75,0.25,-185.1548493,13.22892981,2.824832351,2.878188828,3.016410175,2.938266363,0.071255332,2.914424429,1583.698174,155.861958,107.219484,226.57216
28,Ge,Te,Te,I,0,1,1,0,-185.7129014,2.497159423,2.851364727,2.851364727,2.916798246,2.916798246,0.03271676,2.884081486,1532.081422,6.862483,5.125676,9.187796
28,Sn,S,S,Cl,1,0,0,1,-224.267812,0,2.756700484,2.756700484,2.618745403,2.618745403,0.068977541,2.687722943,1167.459133,8.389468,5.256603,13.38948
28,Sn,S,S,Cl,0.75,0.25,0.25,0.75,-223.9448518,6.210773654,2.699517007,2.611156535,2.770920567,2.613355182,0.066467159,2.673737323,1189.798056,15.579492,9.260779,26.209521
28,Sn,S,S,Cl,0.5,0.5,0.5,0.5,-223.84532,8.124845962,2.425286879,2.5099279,2.490341933,2.5258403,0.038246079,2.487849253,1174.45778,1.086841,0.584436,2.021134
28,Sn,S,S,Cl,0.5,0.5,0.5,0.5,-223.544138,13.91680788,2.655413187,2.556567472,2.554953818,2.512039753,0.052586501,2.569743557,1200.041858,12.608715,6.878259,23.113362
28,Sn,S,S,Cl,0.25,0.75,0.75,0.25,-223.9353701,6.393113654,2.601518317,2.574754428,2.747190636,2.584922103,0.069991459,2.627096371,1180.179804,4.379674,3.260138,5.883661
28,Sn,S,S,Cl,0,1,1,0,-223.046542,23.48596212,2.519149067,2.519149067,2.614743843,2.614743843,0.047797388,2.566946455,1203.850658,9.980317,5.959983,16.712587
28,Si,Te,Te,I,1,0,0,1,-190.4681481,0,2.983324104,2.983324104,2.796155893,2.796155893,0.093584106,2.889739998,1612.726492,43.37865,26.790778,70.237127
28,Si,Te,Te,I,0.75,0.25,0.25,0.75,-189.8505087,11.87768,3.052236536,2.925174111,2.864502549,2.877281931,0.074219285,2.929798782,1580.48649,214.407079,146.118403,314.61058
28,Si,Te,Te,I,0.5,0.5,0.5,0.5,-189.7454627,13.89779596,2.876420024,2.902698985,2.937808518,2.89311441,0.022444293,2.902510484,1554.68403,84.145144,64.498635,109.776047
28,Si,Te,Te,I,0.5,0.5,0.5,0.5,-189.0911289,26.48113769,2.928309957,2.900325457,3.016316512,2.950202113,0.042807908,2.94878851,1613.119143,244.887231,162.018599,370.141183
28,Si,Te,Te,I,0.25,0.75,0.75,0.25,-189.5827337,17.02719962,2.903457105,2.872175638,2.939497259,2.862277229,0.03017275,2.894351807,1560.43895,199.04294,143.756902,275.590886
28,Si,Te,Te,I,0,1,1,0,-189.8513784,11.86095538,2.907931545,2.907931545,2.980022388,2.980022388,0.036045422,2.943976967,1588.461152,122.006511,77.75296,191.447229
28,Sn,Se,Se,Br,1,0,0,1,-205.7533361,0,2.733166488,2.733166488,2.760803236,2.760803236,0.013818374,2.746984862,1358.635962,36.008085,26.202164,49.483784
28,Sn,Se,Se,Br,0.75,0.25,0.25,0.75,-205.3582253,7.598284038,2.796134032,2.798705235,2.789215273,2.684860231,0.047681927,2.767228693,1357.134976,14.928298,8.97486,24.830926
28,Sn,Se,Se,Br,0.5,0.5,0.5,0.5,-205.2321701,10.02242308,2.666973861,2.723760206,2.743944267,2.671981282,0.033016408,2.701664904,1358.710764,7.390749,4.012235,13.61415
28,Sn,Se,Se,Br,0.5,0.5,0.5,0.5,-205.1002521,12.55930615,2.853970445,2.68538214,2.856848322,2.650934291,0.094419897,2.7617838,1350.955156,1.527566,0.921474,2.532312
28,Sn,Se,Se,Br,0.25,0.75,0.75,0.25,-204.8464726,17.4396825,2.557459768,2.751298124,2.66384879,2.620902304,0.070450224,2.648377246,1341.509078,3.902066,2.287061,6.657503
28,Sn,Se,Se,Br,0,1,1,0,-204.7163101,19.94280596,2.683429281,2.683429281,2.892314703,2.892314703,0.104442711,2.787871992,1332.33451,9.415887,7.58267,11.69231
28,Ge,Se,Se,Br,1,0,0,1,-208.4858336,0,2.879293577,2.879293577,2.695881215,2.695881215,0.091706181,2.787587396,1281.908254,97.399046,74.090035,128.041162
28,Ge,Se,Se,Br,0.75,0.25,0.25,0.75,-207.9346702,10.59929769,2.766754564,2.734281728,2.902866557,2.652263079,0.090360136,2.764041482,1249.221469,73.41325,52.998911,101.690868
28,Ge,Se,Se,Br,0.5,0.5,0.5,0.5,-207.8397451,12.42477885,2.852765968,2.673782383,2.776853453,2.692890921,0.071325115,2.749073181,1261.601181,103.412251,69.434527,154.016944
28,Ge,Se,Se,Br,0.5,0.5,0.5,0.5,-207.6750733,15.59154538,2.713519749,2.783874371,2.821448411,2.704317451,0.04882611,2.755789995,1266.021439,40.635138,24.267684,68.041696
28,Ge,Se,Se,Br,0.25,0.75,0.75,0.25,-207.5421163,18.14840962,2.761638306,2.651855869,2.760562624,2.666638351,0.05119557,2.710173787,1268.344344,62.063927,29.652862,129.900819
28,Ge,Se,Se,Br,0,1,1,0,-207.3375482,22.08241135,2.656476583,2.656476583,2.735946606,2.735946606,0.039735011,2.696211595,1254.201761,29.241811,20.376384,41.964439
28,Ge,S,S,Cl,1,0,0,1,-228.1417036,0,2.713395891,2.713395891,2.533904862,2.533904862,0.089745515,2.623650377,1100.048428,124.741525,86.141958,180.637269
28,Ge,S,S,Cl,0.75,0.25,0.25,0.75,-227.757132,7.395607885,2.756736394,2.61548978,2.466402785,2.530549866,0.108674147,2.592294706,1086.160202,26.36233,16.572192,41.936059
28,Ge,S,S,Cl,0.5,0.5,0.5,0.5,-227.4298779,13.6889575,2.607110638,2.577144422,2.60144444,2.575639595,0.014095992,2.590334774,1095.196582,61.606299,42.159335,90.023623
28,Ge,S,S,Cl,0.5,0.5,0.5,0.5,-227.302079,16.14662788,2.767430327,2.649555424,2.698577192,2.478920384,0.106548639,2.648620832,1082.626818,63.362508,47.892826,83.828992
28,Ge,S,S,Cl,0.25,0.75,0.75,0.25,-227.5037818,12.26772769,2.610979087,2.553983075,2.536652578,2.533151829,0.031201562,2.558691642,1059.051979,18.745786,13.535615,25.96147
28,Ge,S,S,Cl,0,1,1,0,-226.7578176,26.61319404,2.520037318,2.520037318,2.556416289,2.556416289,0.018189485,2.538226803,1070.36057,20.212025,15.34502,26.622707
28,Si,S,S,Cl,1,0,0,1,-236.6278079,0,2.851218675,2.851218675,2.53305237,2.53305237,0.159083153,2.692135523,1067.815252,40.199794,27.78293,58.166054
28,Si,S,S,Cl,0.75,0.25,0.25,0.75,-236.1460435,9.264700577,2.794389245,2.641805114,2.685143467,2.561319532,0.084122885,2.670664339,1066.370333,43.572966,32.801952,57.880805
28,Si,S,S,Cl,0.5,0.5,0.5,0.5,-236.1271828,9.627404808,2.717993981,2.609908192,2.574599443,2.555008019,0.062974953,2.614377409,1049.465381,64.875106,34.096627,123.436824
28,Si,S,S,Cl,0.5,0.5,0.5,0.5,-235.6785374,18.25520154,2.740174464,2.534805685,2.74484659,2.58800658,0.092499843,2.65195833,1057.6873,70.9572,42.509654,118.441901
28,Si,S,S,Cl,0.25,0.75,0.75,0.25,-236.035363,11.39317115,2.514398093,2.545485716,2.599253207,2.523630508,0.03291984,2.545691881,1025.702948,30.972716,19.053276,50.348776
28,Si,S,S,Cl,0,1,1,0,-235.2106682,27.25268596,2.511156156,2.511156156,2.539581046,2.539581046,0.014212445,2.525368601,1036.546492,69.030263,58.613561,81.298204
28,Ge,S,S,Br,1,0,0,1,-225.7608142,9.630303846,2.88949538,2.88949538,2.51691905,2.51691905,0.186288165,2.703207215,1107.40893,80.629725,62.109013,104.673255
28,Ge,S,S,Br,0.75,0.25,0.25,0.75,-225.4185885,16.21156808,2.826847123,2.611310403,2.702418526,2.490964543,0.123047822,2.657885149,1098.84822,60.182375,30.954144,117.009157
28,Ge,S,S,Br,0.5,0.5,0.5,0.5,-224.8966267,26.24929404,2.786935759,2.669553674,2.742613424,2.608742869,0.068215072,2.701961431,1102.225886,40.823792,25.383127,65.657079
28,Ge,S,S,Br,0.5,0.5,0.5,0.5,-225.0874929,22.57879192,2.785376984,2.557679812,2.781302992,2.508552531,0.126320032,2.65822808,1109.656191,18.468147,14.364593,23.743969
28,Ge,S,S,Br,0.25,0.75,0.75,0.25,-224.9397336,25.42031635,2.703529981,2.536229888,2.783259993,2.644214646,0.090098104,2.666808627,1086.078627,99.970657,78.968337,126.558729
28,Ge,S,S,Br,0,1,1,0,-226.26159,0,2.537985838,2.537985838,2.687385832,2.687385832,0.074699997,2.612685835,1079.1267,29.279148,18.331159,46.765646
28,Sn,S,S,Br,1,0,0,1,-221.9265409,3.156680577,2.848044968,2.848044968,2.561323406,2.561323406,0.143360781,2.704684187,1181.638121,25.11251,16.088311,39.198533
28,Sn,S,S,Br,0.75,0.25,0.25,0.75,-221.5768336,9.881820769,2.914114797,2.474959069,2.782067926,2.591358858,0.16931853,2.690625162,1199.047085,2.965967,1.827268,4.814268
28,Sn,S,S,Br,0.5,0.5,0.5,0.5,-221.3833786,13.60211096,2.852481644,2.584209695,2.701549475,2.467824443,0.142445837,2.651516314,1190.608921,5.754193,4.244494,7.800868
28,Sn,S,S,Br,0.5,0.5,0.5,0.5,-221.5978695,9.477285385,3.072167485,2.548173047,2.789160439,2.483836765,0.231332123,2.723334434,1183.991178,9.367156,6.142854,14.28385
28,Sn,S,S,Br,0.25,0.75,0.75,0.25,-221.6914251,7.678138846,2.9054366,2.566607398,2.810915582,2.453166972,0.181801154,2.684031638,1171.40999,24.889387,12.490185,49.597471
28,Sn,S,S,Br,0,1,1,0,-222.0906883,0,2.555790297,2.555790297,2.750399061,2.750399061,0.097304382,2.653094679,1168.487026,46.272835,34.782119,61.559657
28,Si,S,S,Br,1,0,0,1,-234.3927517,0,2.90128268,2.90128268,2.491242693,2.491242693,0.205019993,2.696262687,1067.377151,83.737704,56.776616,123.501603
28,Si,S,S,Br,0.75,0.25,0.25,0.75,-233.4319808,18.4763625,2.853412623,2.505595492,2.774740129,2.488528065,0.161042373,2.655569077,1077.510418,15.421404,11.269588,21.102786
28,Si,S,S,Br,0.5,0.5,0.5,0.5,-233.4133205,18.83521519,2.801990556,2.552792245,2.805235113,2.46501084,0.150592826,2.656257188,1057.204424,68.094443,45.760901,101.327837
28,Si,S,S,Br,0.5,0.5,0.5,0.5,-233.402933,19.03497519,2.801840456,2.539054479,2.761508435,2.471203876,0.14106069,2.643401812,1071.094383,28.88048,19.523866,42.721156
28,Si,S,S,Br,0.25,0.75,0.75,0.25,-233.6633374,14.02719673,2.85847545,2.56313772,2.721278714,2.464187998,0.150500243,2.651769971,1053.117756,39.543997,39.543997,66.032362
28,Si,S,S,Br,0,1,1,0,-232.5498687,35.44005808,2.48738623,2.48738623,2.738075999,2.738075999,0.125344884,2.612731114,1064.512358,19.388322,9.549736,39.363082
28,Ge,S,S,I,1,0,0,1,-223.140732,0,3.039687496,3.039687496,2.526727218,2.526727218,0.256480139,2.783207357,1132.977767,40.097416,28.40888,56.595076
28,Ge,S,S,I,0.75,0.25,0.25,0.75,-222.5967522,10.46115019,3.008618805,2.506891924,2.940526768,2.581930392,0.21804396,2.759491972,1134.486432,43.547982,32.278916,58.751254
28,Ge,S,S,I,0.5,0.5,0.5,0.5,-221.9452538,22.98996519,2.95552492,2.645711798,2.890669091,2.518738935,0.177734119,2.752661186,1140.593198,25.673446,17.727379,37.181235
28,Ge,S,S,I,0.5,0.5,0.5,0.5,-222.1804811,18.46636288,2.980359167,2.636368743,2.912733322,2.533477522,0.185977959,2.765734689,1143.07181,12.183249,8.429386,17.608822
28,Ge,S,S,I,0.25,0.75,0.75,0.25,-221.6582507,28.50925558,3.00686017,2.545224293,2.901531893,2.470268157,0.22785613,2.730971128,1126.883856,60.531319,47.157551,77.697855
28,Ge,S,S,I,0,1,1,0,-222.9381155,3.896470962,2.505347868,2.505347868,2.840948786,2.840948786,0.167800459,2.673148327,1113.286722,18.635182,14.062152,24.695367
28,Sn,S,S,I,1,0,0,1,-219.4269396,0,3.077714983,3.077714983,2.58407695,2.58407695,0.246819017,2.830895966,1193.166312,17.757822,12.659492,24.90939
28,Sn,S,S,I,0.75,0.25,0.25,0.75,-219.0242851,7.743355962,3.104778051,2.628244091,3.018090921,2.668710182,0.209230647,2.854955811,1209.565751,6.791933,3.856487,11.961756
28,Sn,S,S,I,0.5,0.5,0.5,0.5,-218.6197966,15.52198058,3.083068834,2.632795598,2.930840494,2.628592519,0.195683169,2.818824361,1212.631752,22.085173,15.170101,32.15238
28,Sn,S,S,I,0.5,0.5,0.5,0.5,-219.1339199,5.634994231,2.948674797,2.62478739,3.086348858,2.569684854,0.216579597,2.807373975,1208.039385,28.995551,15.140738,55.528467
28,Sn,S,S,I,0.25,0.75,0.75,0.25,-219.1840451,4.6710475,2.916137131,2.604151822,2.995538861,2.505741137,0.205370797,2.755392238,1186.589342,40.236158,25.810894,62.723454
28,Sn,S,S,I,0,1,1,0,-219.3699846,1.095289038,2.514137625,2.514137625,2.951975187,2.951975187,0.218918781,2.733056406,1184.4506,115.42868,78.102618,170.593259
28,Si,S,S,I,1,0,0,1,-231.1568239,0,3.014609866,3.014609866,2.49845356,2.49845356,0.258078153,2.756531713,1109.309362,17.05478,11.083134,26.243976
28,Si,S,S,I,0.75,0.25,0.25,0.75,-230.9619153,3.748243269,3.024064732,2.643425167,2.954673296,2.507497811,0.213872128,2.782415252,1102.351577,27.913818,22.678206,34.358152
28,Si,S,S,I,0.5,0.5,0.5,0.5,-230.1634077,19.10415885,2.960290761,2.575911834,2.928089715,2.470659422,0.214019964,2.733737933,1109.077378,26.340662,17.796145,38.987684
28,Si,S,S,I,0.5,0.5,0.5,0.5,-230.4564656,13.46842846,3.023414172,2.545363611,2.942350141,2.48220322,0.237346758,2.748332786,1120.940136,23.570271,18.963521,29.296123
28,Si,S,S,I,0.25,0.75,0.75,0.25,-230.3199629,16.09348115,2.863911703,2.534544352,2.960238207,2.429282912,0.220917488,2.696994293,1089.917939,52.763707,28.760818,96.798664
28,Si,S,S,I,0,1,1,0,-229.9449844,23.30460519,2.500805318,2.500805318,2.895299009,2.895299009,0.197246846,2.698052164,1112.622191,46.88069,36.340853,60.477368
29,Si,Te,Te,Te,0,1,0,1,,,2.973801648,2.973801648,2.995685079,2.995685079,0.010941716,2.984743363,1547.380496,185.039649,159.306152,214.930004
29,Si,Se,Se,Se,0,1,0,1,,,2.775606142,2.775606142,2.804779232,2.804779232,0.014586545,2.790192687,1234.984094,188.947413,163.630035,218.181979
29,Ge,Se,Se,Se,0,1,0,1,,,2.760836485,2.760836485,2.834518093,2.834518093,0.036840804,2.797677289,1263.068493,234.388641,149.422386,367.669372
23,P,S,S,Cl,1,0,0.25,0.75,-211.787525,2.703,2.814904376,2.814904376,2.472211944,2.501467074,0.155111755,2.596194465,1085.43694,15,11,20
23,P,S,S,Cl,0.75,0.25,0.5,0.5,-211.925402,0,2.747393172,2.576559137,2.532842175,2.464588428,0.10437376,2.580345728,998.1902893,52,37,73
23,P,S,S,Cl,0.5,0.5,0.75,0.25,-211.497359,8.393,2.606448473,2.525807602,2.617562344,2.473812273,0.059163629,2.555907673,1004.239129,69,53,88
23,P,S,S,Cl,0.25,0.75,1,0,-210.417606,29.565,2.515668741,2.524373902,2.652085255,2.652085255,0.06235689,2.564042633,1026.493021,71,55,91
22,P,S,S,Cl,1,0,0.5,0.5,-207.201499,8.452,2.79314272,2.79314272,2.601688633,2.451005833,0.140006993,2.615279062,1045.443644,40,30,53
22,P,S,S,Cl,0.75,0.25,0.75,0.25,-207.624099,0,2.670286281,2.548892789,2.579213399,2.433327882,0.084682165,2.557930088,970.2769146,64,52,78
22,P,S,S,Cl,0.5,0.5,1,0,-207.236233,7.757,2.639184043,2.437692802,2.682484255,2.682484255,0.106664835,2.5864537,977.8260069,69,55,87
21,P,S,S,Cl,1,0,0.75,0.25,-202.640742,6.648,2.72341648,2.72341648,2.554249117,2.437346128,0.117435634,2.571670575,978.3846566,139,108,181
21,P,S,S,Cl,0.75,0.25,1,0,-202.9665,0,2.542218407,2.46337236,2.614287484,2.614287484,0.061631545,2.539959417,971.01276,147,103,210
20,P,S,Cl,Cl,1,0,1,0,,,2.631215153,2.631215153,2.564892177,2.564892177,0.033161488,2.598053665,1017.316581,78,61,100
23,P,S,S,Br,1,0,0.25,0.75,-208.587217,0,2.897464336,2.897464336,2.629863369,2.417552906,0.196355966,2.648293537,1099.761672,3,2.3,4
23,P,S,S,Br,0.75,0.25,0.5,0.5,-208.560777,0.518,2.740775891,2.550318433,2.663422671,2.482333631,0.099767764,2.609212656,1035.186565,30,24,37
23,P,S,S,Br,0.5,0.5,0.75,0.25,-208.011659,11.285,2.808318152,2.585847117,2.751542541,2.484487795,0.129090534,2.657548901,1029.386999,65,52,82
23,P,S,S,Br,0.25,0.75,1,0,-207.6397,18.578,2.571991773,2.44291568,2.766187888,2.766187888,0.132864881,2.593698447,1017.436691,34,27,43
22,P,S,S,Br,1,0,0.5,0.5,-203.391965,0,2.846184273,2.846184273,2.647591963,2.463219847,0.156380495,2.652332028,1071.595207,24,18,2
22,P,S,S,Br,0.75,0.25,0.75,0.25,-203.077576,6.287,2.730923059,2.653885007,2.720436595,2.461035179,0.108337886,2.64156996,1038.715156,77,57,104
22,P,S,S,Br,0.5,0.5,1,0,-202.991615,8.007,2.706760468,2.479993697,2.763164604,2.763164604,0.122379355,2.649972923,1023.021192,43,32,58
21,P,S,S,Br,1,0,0.75,0.25,-197.79475,0.877,2.772213781,2.772213781,2.659268671,2.445690003,0.135396629,2.625724151,1042.778746,54,45,66
21,P,S,S,Br,0.75,0.25,1,0,-197.837736,0,2.708694842,2.532321783,2.689651198,2.689651198,0.079037728,2.643555941,1028.99822,96,76,122
20,P,S,Br,Br,1,0,1,0,-192.789884,,2.712886506,2.712886506,2.627271641,2.627271641,0.042807433,2.670079073,1024.151579,117,89,154
23,P,S,S,I,1,0,0.25,0.75,-205.003949,0,3.06186949,3.06186949,2.739284677,2.420659562,0.261774521,2.740604576,1105.192196,0.02,0.01,0.03
23,P,S,S,I,0.75,0.25,0.5,0.5,-204.525147,9.388275098,2.988977615,2.583625014,2.877227037,2.443022556,0.21928443,2.723213056,1097.347188,22,17,28
23,P,S,S,I,0.5,0.5,0.75,0.25,-203.9785477,20.10590804,2.929677669,2.518954831,2.935895386,2.500857472,0.211548399,2.721346339,1079.100648,30,20,46
23,P,S,S,I,0.25,0.75,1,0,-203.1653074,36.05179627,2.67822502,2.417616406,2.949141638,2.949141638,0.217007868,2.681661021,1062.997686,10,8,12
22,P,S,S,I,1,0,0.5,0.5,-198.666165,0,3.047753892,3.047753892,2.783277967,2.425514985,0.254977804,2.752182281,1112.092732,5.3,4.1,6.8
22,P,S,S,I,0.75,0.25,0.75,0.25,-198.216626,8.99,3.010762306,2.577086801,2.84242513,2.412596658,0.23135848,2.710717724,1099.706111,28,22,34
22,P,S,S,I,0.5,0.5,1,0,-197.97713,13.78,2.863869106,2.426769604,2.894758284,2.894758284,0.213703721,2.728465665,1091.244845,36,26,49
21,P,S,S,I,1,0,0.75,0.25,-192.319722,0,2.986521372,2.986521372,2.805292952,2.423714387,0.234567603,2.73850957,1114.791049,29,21,40
21,P,S,S,I,0.75,0.25,1,0,-191.918789,8.182,2.877692209,2.457913769,2.901326486,2.901326486,0.203684766,2.745644154,1121.956076,91,64,127
20,P,S,S,I,1,0,1,0,-185.749307,,2.887831554,2.887831554,2.833877195,2.833877195,0.026977179,2.860854374,1131.511526,65,55,76
